,CLAVE SITIO,CLAVE MONITOREO,NOMBRE DEL SITIO,TIPO CUERPO DE AGUA,FECHA REALIZACIÓN,AÑO,SST,CF,E_COLI,ODs%,ODm%,ODf%,DBO5,DQO,TOX_D48s,TOX_D48f,TOX_F15s,TOX_F15f
0,DLAGU13,DLAGU13-210822,PRESA PRESIDENTE CALLES 100M AGUAS ARRIBA DE LA CORTINA,LÉNTICO (HUMEDAL),2022-08-19 00:00:00,2022,21.2,288.0,41.0,114.9,56.6,23.3,2.0,10.0,1.0,1.0,1.0,1.0
7,DLCOA437,DLCOA437-180922,CORTINA PRESA VENUSTIANO CARRANZA,LÉNTICO (HUMEDAL),2022-08-25 00:00:00,2022,19.0,2400.0,2400.0,54.0,40.0,36.0,2.13,27.96,1.0,1.0,1.0,1.0
8,DLCOA487,DLCOA487-250922,CORTINA PRESA LA AMISTAD,LÉNTICO (HUMEDAL),2022-09-19 00:00:00,2022,10.0,435.0,10.0,96.7,91.6,71.5,2.0,10.0,1.0,1.0,1.0,1.0
9,DLCOA490,DLCOA490-250922,PRESA INTERNACIONAL LA AMISTAD 5,LÉNTICO (HUMEDAL),2022-09-19 00:00:00,2022,25.2,384.0,10.0,103.5,94.2,80.4,2.0,10.0,1.0,1.0,1.0,1.0
22,DLEST893,DLEST893-070822,PRESA VILLA VICTORIA 1,LÉNTICO (HUMEDAL),2022-08-01 00:00:00,2022,16.0,460.0,240.0,62.4,38.7,24.5,20.82,38.4,1.0,1.0,1.0,1.0
23,DLEST906,DLEST906-070822,CORTINA PRESA VALLE DE BRAVO,LÉNTICO (HUMEDAL),2022-08-01 00:00:00,2022,20.0,2400.0,460.0,49.1,29.3,13.7,21.9,35.04,1.0,1.0,1.0,1.0
33,DLGUE1347,DLGUE1347-250922,PRESA EL CARACOL 2,LÉNTICO (HUMEDAL),2022-09-22 00:00:00,2022,10.0,30.0,30.0,85.7,53.4,34.5,2.0,28.29,1.0,1.0,1.0,1.0
43,DLHID1492,DLHID1492-040922,PRESA ZIMAPAN 3,LÉNTICO,2022-08-31 00:00:00,2022,10.0,23.0,23.0,148.1,86.3,10.2,27.9,34.75,1.0,1.0,1.0,1.0
44,DLHID1493,DLHID1493-040922,PRESA ZIMAPAN 4,LÉNTICO,2022-08-31 00:00:00,2022,12.0,210.0,120.0,112.4,62.5,10.0,19.98,26.66,1.0,1.0,1.0,1.0
48,DLMIC1555,DLMIC1555-180922,PRESA LA VILLITA 2,LÉNTICO (HUMEDAL),2022-09-13 00:00:00,2022,10.0,30.0,30.0,67.9,62.7,57.1,2.0,29.13,1.0,1.0,1.0,1.0
49,DLMIC1559W1,DLMIC1559W1-180922,PRESA LA VILLITA 5,LÉNTICO,2022-09-13 00:00:00,2022,10.0,30.0,30.0,67.2,64.3,50.4,2.0,28.71,1.0,1.0,1.0,1.0
50,DLMIC1560M1,DLMIC1560M1-180922,PRESA LA VILLITA CENTRO,LÉNTICO (HUMEDAL),2022-09-13 00:00:00,2022,10.0,30.0,30.0,60.4,57.8,47.4,2.0,30.38,1.0,1.0,1.0,1.0
51,DLMIC1562W1,DLMIC1562W1-180922,RIO BALSAS 12 BIS,LÉNTICO,2022-09-12 00:00:00,2022,10.0,230.0,30.0,63.4,56.9,51.8,2.0,31.63,1.0,1.0,1.0,1.0
52,DLMIC1565,DLMIC1565-180922,PRESA LA VILLITA 5,LÉNTICO,2022-09-12 00:00:00,2022,10.0,40.0,30.0,68.2,62.8,52.5,2.0,25.79,1.0,1.0,1.0,1.0
54,DLMIC1580,DLMIC1580-180922,PRESA INFIERNILLO 1,LÉNTICO (HUMEDAL),2022-09-16 00:00:00,2022,10.0,30.0,30.0,87.2,84.8,31.5,2.0,33.29,1.0,1.0,1.0,1.0
56,DLMIC1577,DLMIC1577-180922,PRESA INFIERNILLO 7,LÉNTICO (HUMEDAL),2022-09-16 00:00:00,2022,10.0,140.0,90.0,80.7,77.2,19.4,2.0,31.21,1.0,1.0,1.0,1.0
57,DLMIC1581,DLMIC1581-180922,PRESA INFIERNILLO 4,LÉNTICO (HUMEDAL),2022-09-16 00:00:00,2022,10.0,30.0,30.0,83.8,79.3,36.7,2.0,29.96,1.0,1.0,1.0,1.0
81,DLMIC1709,DLMIC1709-140822,LAGO ZIRAHUEN CENTRO,LÉNTICO (HUMEDAL),2022-08-12 00:00:00,2022,10.0,10.0,10.0,98.1,85.8,68.7,2.0,10.0,1.0,1.0,1.0,1.0
93,DLMIC1776,DLMIC1776-310722,PRESA EL BOSQUE 2,LÉNTICO (HUMEDAL),2022-07-26 00:00:00,2022,17.6,3654.0,1137.0,83.5,36.8,31.8,9.52,12.72,1.0,1.0,1.0,1.0
99,DLNAY1834,DLNAY1834-030722,PASO DE LA YESCA,LÉNTICO,2022-06-30 00:00:00,2022,10.0,233.0,10.0,200.0,21.2,18.9,4.66,21.2,1.0,1.0,1.0,1.0
100,DLNAY1834,DLNAY1834-280822,PASO DE LA YESCA,LÉNTICO,2022-08-28 00:00:00,2022,18.7,160.0,10.0,118.8,52.6,33.2,6.2,40.31,1.0,1.0,1.0,1.0
101,DLNAY1840,DLNAY1840-110922,PRESA EL CAJON 4,LÉNTICO,2022-09-11 00:00:00,2022,11.2,10.0,10.0,114.5,35.1,34.1,10.9,12.54,1.0,1.0,1.0,1.0
102,DLNAY1836,DLNAY1836-110922,PRESA EL CAJON 5,LÉNTICO,2022-09-11 00:00:00,2022,20.3,20.0,10.0,163.5,34.4,23.8,9.4,24.24,1.0,1.0,1.04,1.0
103,DLNAY1861,DLNAY1861-040922,PRESA SOLIDARIDAD 2 (P.H. AGUAMILPA 2),LÉNTICO (HUMEDAL),2022-10-09 00:00:00,2022,10.0,384.0,20.0,76.0,58.8,49.0,2.0,10.0,1.0,1.0,1.0,1.0
104,DLNAY1860,DLNAY1860-040922,PRESA SOLIDARIDAD 1(P.H. AGUAMILPA 1 CORTINA),LÉNTICO (HUMEDAL),2022-10-09 00:00:00,2022,10.0,218.0,10.0,83.0,74.0,48.3,7.2,10.0,1.0,1.0,1.0,1.0
105,DLNAY1864,DLNAY1864-040922,PRESA SOLIDARIDAD 4 (P.H. AGUAMILPA 4),LÉNTICO (HUMEDAL),2022-10-09 00:00:00,2022,10.0,1430.0,10.0,66.4,57.6,44.6,2.0,72.03,1.0,1.0,1.0,1.0
106,DLNAY1862,DLNAY1862-040922,PRESA SOLIDARIDAD 5 (P.H. AGUAMILPA 5),LÉNTICO (HUMEDAL),2022-10-09 00:00:00,2022,10.0,529.0,10.0,83.6,63.0,58.6,2.0,10.0,1.0,1.0,1.0,1.0
107,DLNAY1865,DLNAY1865-040922,PRESA SOLIDARIDAD 6 (P.H. AGUAMILPA 6 LAS ADJUNTAS),LÉNTICO (HUMEDAL),2022-10-09 00:00:00,2022,14.6,110.0,10.0,70.8,50.2,44.7,2.0,10.0,1.0,1.0,1.0,1.0
108,DLNAY1863,DLNAY1863-040922,PRESA SOLIDARIDAD 3 (P.H. AGUAMILPA 3),LÉNTICO (HUMEDAL),2022-10-09 00:00:00,2022,10.0,189.0,10.0,91.5,67.5,59.8,2.0,10.0,1.0,1.0,1.0,1.0
109,DLNAY1866,DLNAY1866-040922,PRESA SOLIDARIDAD 7 (P.H. AGUAMILPA 7 DESEMBOCADURA DEL RIO HUAYNAMOTA),LÉNTICO (HUMEDAL),2022-10-09 00:00:00,2022,10.0,520.0,10.0,72.4,55.4,33.5,2.0,10.97,1.0,1.0,1.0,1.0
110,DLNAY1922,DLNAY1922-110922,LAGUNA DE SANTA MARIA DEL ORO 1 (RESTAURANT LA MATA),LÉNTICO (HUMEDAL),2022-09-11 00:00:00,2022,10.0,161.0,10.0,127.9,33.2,25.0,2.0,10.0,1.0,1.0,1.0,1.0
112,DLNAY1925,DLNAY1925-110922,LAGUNA DE SANTA MARIA DEL ORO 2  A LA ALTURA DEL RESTAURANT EL DESAGUE,LÉNTICO (HUMEDAL),2022-09-11 00:00:00,2022,10.0,199.0,10.0,122.7,36.4,24.9,6.76,10.0,1.0,1.0,1.0,1.48
121,DLPUE2068,DLPUE2068-210822,PRESA MANUEL AVILA CAMACHO 6,LÉNTICO (HUMEDAL),2022-08-17 00:00:00,2022,21.0,24000.0,24000.0,10.0,10.0,10.0,22.67,73.71,1.0,1.0,1.0,1.0
122,DLQUE2134,DLQUE2134-040922,PRESA ZIMAPAN 2,LÉNTICO,2022-08-31 00:00:00,2022,82.0,43.0,15.0,168.9,84.1,10.0,22.5,32.37,1.0,1.0,1.0,1.0
128,DLSAN2314,DLSAN2314-040922,PRESA SAN JOSE 1,LÉNTICO,2022-10-04 00:00:00,2022,10.0,1100.0,20.0,64.0,57.0,48.0,5.53,51.15,1.0,1.0,1.0,1.0
129,DLSAN2292,DLSAN2292-280822,PRESA LA MUÑECA (OBRA DE TOMA),LÉNTICO,2022-10-03 00:00:00,2022,10.0,2400.0,1100.0,78.0,71.0,68.0,2.0,14.49,1.0,1.0,1.0,1.0
130,DLSAN2315,DLSAN2315-040922,PRESA EL POTOSINO 1,LÉNTICO,2022-10-04 00:00:00,2022,10.0,2400.0,1100.0,88.0,79.0,67.0,2.0,37.47,1.0,1.0,1.0,1.0
148,OCBAL2837,OCBAL2837-280822,LAGO DE TEQUESQUITENGO - 3,LÉNTICO (HUMEDAL),2022-08-22 00:00:00,2022,12.0,75.0,20.0,120.7,62.2,10.0,11.04,27.13,1.0,1.0,1.0,1.0
149,OCBAL2836,OCBAL2836-280822,TEQUESQUITENGO (AL CENTRO LAG),LÉNTICO (HUMEDAL),2022-08-22 00:00:00,2022,16.0,23.0,4.0,117.9,60.5,10.0,9.72,26.18,1.0,1.0,1.0,1.0
150,OCBAL2838,OCBAL2838-280822,LAGO DE TEQUESQUITENGO - 2,LÉNTICO (HUMEDAL),2022-08-22 00:00:00,2022,14.0,9.0,9.0,116.5,112.4,98.8,14.88,28.56,1.0,1.0,1.0,1.0
151,OCBAL2839,OCBAL2839-280822,LAGO DE TEQUESQUITENGO - SALIDA,LÉNTICO (HUMEDAL),2022-08-22 00:00:00,2022,12.0,23.0,23.0,119.4,62.9,10.0,9.84,19.99,1.0,1.0,1.0,1.0
152,OCBAL2840,OCBAL2840-280822,LAGO DE TEQUESQUITENGO - 1 (NW),LÉNTICO (HUMEDAL),2022-08-22 00:00:00,2022,12.0,23.0,9.0,117.9,52.5,10.0,9.12,24.28,1.0,1.0,1.0,1.0
153,OCFSU0001RNL21,OCFSU0001RNL21-180922,PRESA MALPASO NO 1 CHIAPAS ,LÉNTICO,2022-09-12 00:00:00,2022,10.0,93.0,93.0,101.9,60.2,37.3,11.28,20.3,1.0,1.0,1.0,1.0
157,OCFSU2953,OCFSU2953-110922,PARQUE NACIONAL LAGUNAS DE MONTEBELLO 5,LÉNTICO (HUMEDAL),2022-09-06 00:00:00,2022,26.0,43.0,15.0,125.3,19.1,10.0,28.14,31.68,1.0,1.0,1.0,1.0
158,OCFSU2951,OCFSU2951-110922,PARQUE NACIONAL LAGUNAS DE MONTEBELLO 6,LÉNTICO (HUMEDAL),2022-09-06 00:00:00,2022,34.0,7.0,7.0,92.2,18.1,10.0,29.28,37.92,1.0,1.0,1.0,1.0
160,OCFSU2949,OCFSU2949-110922,PARQUE NACIONAL LAGUNAS DE MONTEBELLO 8,LÉNTICO (HUMEDAL),2022-09-06 00:00:00,2022,20.0,3.0,3.0,103.4,10.0,10.0,27.9,37.44,1.0,1.0,1.0,1.0
163,OCFSU2956,OCFSU2956-110922,PARQUE NACIONAL LAGUNAS DE MONTEBELLO 2,LÉNTICO (HUMEDAL),2022-09-05 00:00:00,2022,14.0,3.0,3.0,89.6,54.9,38.2,14.34,29.76,1.0,1.0,1.0,1.0
165,OCFSU2957,OCFSU2957-110922,PARQUE NACIONAL LAGUNAS DE MONTEBELLO 1,LÉNTICO (HUMEDAL),2022-09-05 00:00:00,2022,12.0,3.0,3.0,87.2,57.2,40.8,12.57,23.04,1.0,1.0,1.0,1.0
166,OCFSU2982,OCFSU2982-210822,PRESA CHICOASEN 2,LÉNTICO (HUMEDAL),2022-08-17 00:00:00,2022,12.0,15.0,15.0,132.3,86.1,57.8,16.29,22.45,1.0,1.0,1.0,1.0
167,OCFSU2983,OCFSU2983-210822,C.H. CHICOASEN AGUAS ARRIBA,LÉNTICO (HUMEDAL),2022-08-17 00:00:00,2022,16.0,28.0,20.0,144.3,93.1,60.2,19.92,26.35,1.0,1.0,1.0,1.0
168,OCFSU2981,OCFSU2981-210822,PARQUE ECOLOGICO OSUMACINTA,LÉNTICO (HUMEDAL),2022-08-17 00:00:00,2022,14.0,75.0,39.0,162.0,98.2,62.1,14.76,20.01,1.0,1.0,1.0,1.0
169,OCFSU2985,OCFSU2985-210822,FALLA MUÑIZ,LÉNTICO (HUMEDAL),2022-08-17 00:00:00,2022,12.0,23.0,23.0,135.9,92.0,62.2,22.32,29.51,1.0,1.0,1.0,1.0
170,OCFSU2984,OCFSU2984-210822,PARQUE ECOLOGICO AMIKUU,LÉNTICO (HUMEDAL),2022-08-17 00:00:00,2022,12.0,23.0,9.0,140.7,92.4,63.9,15.21,27.61,1.0,1.0,1.0,1.0
172,OCFSU2995,OCFSU2995-210822,C.H. CHICOASEN (FTE.  A LA CORTINA),LÉNTICO (HUMEDAL),2022-08-17 00:00:00,2022,12.0,460.0,43.0,144.7,92.6,61.1,54.12,73.2,1.0,1.0,1.0,1.0
173,OCFSU3002,OCFSU3002-180922,PRESA NEZAHUALCOYOTL 3,LÉNTICO (HUMEDAL),2022-09-12 00:00:00,2022,10.0,23.0,4.0,109.2,90.5,27.7,10.2,21.71,1.0,1.0,1.0,1.0
174,OCFSU2997,OCFSU2997-210822,DESCARGA RIO HONDO,LÉNTICO (HUMEDAL),2022-08-17 00:00:00,2022,10.0,43.0,43.0,133.3,79.4,60.6,20.7,28.79,1.0,1.0,1.0,1.0
175,OCFSU3003,OCFSU3003-180922,C.H.NETZAHUALCOYOTL A.M. A 12 KM DE CRIADERO DE PECES,LÉNTICO (HUMEDAL),2022-09-12 00:00:00,2022,12.0,43.0,43.0,112.8,68.4,30.2,16.2,25.02,1.0,1.0,1.0,1.0
176,OCFSU3001,OCFSU3001-180922,C.H. NETZAHUALCOYOTL A.A. APICPAC,LÉNTICO (HUMEDAL),2022-09-12 00:00:00,2022,10.0,11.0,7.0,110.7,90.1,67.4,11.52,20.3,1.0,1.0,1.0,1.0
178,OCFSU2964,OCFSU2964-280822,PRESA LA ANGOSTURA 3,LÉNTICO (HUMEDAL),2022-08-22 00:00:00,2022,10.0,3.0,3.0,88.4,48.6,14.7,10.62,21.9,1.0,1.0,1.0,1.0
179,OCFSU3005,OCFSU3005-180922,C.H.NETZAHUALCOYOTL FTE. A LA CORTINA,LÉNTICO (HUMEDAL),2022-09-12 00:00:00,2022,12.0,93.0,43.0,103.8,63.8,25.0,16.65,25.49,1.0,1.0,1.0,1.0
180,OCFSU3007,OCFSU3007-180922,PRESA NEZAHUALCOYOTL 2,LÉNTICO (HUMEDAL),2022-09-13 00:00:00,2022,10.0,4.0,3.0,89.4,58.4,17.8,11.46,22.18,1.0,1.0,1.0,1.0
186,OCFSU3142,OCFSU3142-250922,PRESA PEÑITAS 1,LÉNTICO (HUMEDAL),2022-09-19 00:00:00,2022,12.0,43.0,15.0,104.1,55.2,50.6,10.05,18.18,1.0,1.0,1.0,1.0
187,OCFSU6491,OCFSU6491-250922,PEÑITAS 4,LÉNTICO,2022-09-19 00:00:00,2022,12.0,23.0,4.0,55.4,46.1,32.8,11.4,20.33,1.0,1.0,1.0,1.0
188,OCFSU6494,OCFSU6494-180922,MALPASO 1,LÉNTICO,2022-09-12 00:00:00,2022,10.0,75.0,75.0,100.1,61.7,24.6,15.06,24.54,1.0,1.0,1.0,1.0
189,OCFSU6492,OCFSU6492-250922,PEÑITAS 5,LÉNTICO,2022-09-19 00:00:00,2022,12.0,93.0,43.0,93.9,58.4,32.8,13.83,26.62,1.0,1.0,1.0,1.0
190,OCFSU6493,OCFSU6493-250922,PEÑITAS 6,LÉNTICO,2022-09-19 00:00:00,2022,12.0,150.0,20.0,104.1,58.9,33.7,9.84,19.36,1.0,1.0,1.0,1.0
191,OCFSU6495,OCFSU6495-180922,MALPASO 2,LÉNTICO,2022-09-13 00:00:00,2022,10.0,93.0,21.0,129.3,67.1,36.3,20.04,29.26,1.0,1.0,1.0,1.0
192,OCFSU6496,OCFSU6496-180922,MALPASO 3,LÉNTICO,2022-09-13 00:00:00,2022,10.0,15.0,9.0,112.0,56.6,26.7,12.39,18.41,1.0,1.0,1.0,1.0
193,OCFSU6497,OCFSU6497-180922,MALPASO 4,LÉNTICO,2022-09-13 00:00:00,2022,10.0,23.0,23.0,115.7,67.1,24.5,9.72,17.94,1.0,1.0,1.0,1.0
196,OCGCE3421,OCGCE3421-250922,TEMASCAL (VERTEDOR),LÉNTICO,2022-09-22 00:00:00,2022,10.0,90.0,30.0,64.0,62.0,59.1,2.0,19.54,1.0,1.0,1.0,1.0
199,OCGCE3458,OCGCE3458-250922,CERRO DE ORO (VERTEDOR),LÉNTICO (HUMEDAL),2022-08-26 00:00:00,2022,10.0,110.0,10.0,124.2,123.0,60.7,2.0,10.0,1.0,1.0,1.0,1.0
216,OCLSP3723M1,OCLSP3723M1-210822,PRESA ING. ELIAS GONZALEZ CHAVEZ CORTINA,LÉNTICO (HUMEDAL),2022-08-19 00:00:00,2022,15.2,233.0,10.0,112.4,87.5,56.4,4.8,10.0,1.0,1.0,1.0,1.0
218,OCLSP3759M1,OCLSP3759M1-280822,PRESA SANTA ROSA III,LÉNTICO (HUMEDAL),2022-08-19 00:00:00,2022,41.9,2247.0,379.0,56.9,36.9,26.3,7.7,14.98,1.0,1.0,1.0,1.0
219,OCLSP3760M1,OCLSP3760M1-280822,PRESA SANTA ROSA II,LÉNTICO (HUMEDAL),2022-08-19 00:00:00,2022,27.7,2613.0,309.0,61.2,48.9,38.2,7.6,13.31,1.0,1.0,1.0,1.0
220,OCLSP3758M1,OCLSP3758M1-280822,PRESA SANTA ROSA IV,LÉNTICO (HUMEDAL),2022-08-19 00:00:00,2022,65.7,2909.0,728.0,55.5,39.7,28.0,8.3,13.31,1.0,1.0,1.0,1.0
224,OCLSP3760M1,OCLSP3760M1-030722,PRESA SANTA ROSA II,LÉNTICO (HUMEDAL),2022-06-30 00:00:00,2022,23.3,24196.0,24196.0,64.4,44.5,31.0,9.46,16.11,1.0,1.0,1.0,1.0
233,OCLSP3800,OCLSP3800-040922,"LAGO DE CHAPALA, ESTACION LACUSTRE 20",LÉNTICO (HUMEDAL),2022-08-30 00:00:00,2022,15.1,2046.0,10.0,118.1,113.9,107.5,2.0,26.5,1.0,1.0,1.0,1.0
236,OCLSP3798M1,OCLSP3798M1-040922,"LAGO DE CHAPALA, ESTACION LACUSTRE 16",LÉNTICO (HUMEDAL),2022-08-30 00:00:00,2022,40.4,135.0,10.0,124.3,116.0,108.9,2.0,10.76,1.0,1.0,1.0,1.0
242,OCLSP3801M1,OCLSP3801M1-040922,"LAGO DE CHAPALA, ESTACION LACUSTRE 21",LÉNTICO (HUMEDAL),2022-08-30 00:00:00,2022,14.6,1274.0,10.0,107.3,101.2,94.1,2.0,21.53,1.0,1.0,1.0,1.0
243,OCLSP3791M1,OCLSP3791M1-040922,"LAGO DE CHAPALA, ESTACION LACUSTRE 05",LÉNTICO (HUMEDAL),2022-08-31 00:00:00,2022,41.7,1022.0,10.0,107.5,102.1,100.7,2.0,18.22,1.0,1.0,1.0,1.0
250,OCLSP3843M1,OCLSP3843M1-040922,"LAGO DE CHAPALA, ESTACION LACUSTRE 11",LÉNTICO (HUMEDAL),2022-08-31 00:00:00,2022,26.9,1239.0,10.0,98.7,93.2,87.5,2.0,31.08,1.0,1.0,1.0,1.0
256,OCLSP3864,OCLSP3864-140822,PRESA LAS PIEDRAS ENTRADA,LÉNTICO (HUMEDAL),2022-08-11 00:00:00,2022,40.9,146.0,10.0,103.3,89.9,83.5,2.0,11.08,1.0,1.0,1.0,1.0
263,OCLSP3852M1,OCLSP3852M1-040922,"LAGO DE CHAPALA, ESTACION LACUSTRE 04",LÉNTICO (HUMEDAL),2022-09-01 00:00:00,2022,24.8,2247.0,10.0,94.8,94.5,89.4,2.0,21.53,1.0,1.0,1.0,1.0
267,OCLSP3960M1,OCLSP3960M1-030722,PRESA LA YESCA I,LÉNTICO,2022-07-01 00:00:00,2022,10.0,10.0,10.0,148.6,25.9,19.4,2.0,10.0,1.0,1.0,1.23,1.0
269,OCLSP3961M1,OCLSP3961M1-030722,PRESA LA YESCA III,LÉNTICO,2022-07-01 00:00:00,2022,10.0,10.0,10.0,190.7,25.2,25.3,6.3,10.0,1.0,1.0,1.0,2.04
270,OCLSP3962M1,OCLSP3962M1-030722,PRESA LA YESCA II,LÉNTICO,2022-07-01 00:00:00,2022,10.0,10.0,10.0,181.0,23.8,19.6,5.92,10.0,1.0,1.0,1.0,2.67
271,OCLSP3962M1,OCLSP3962M1-280822,PRESA LA YESCA II,LÉNTICO,2022-08-28 00:00:00,2022,13.4,2187.0,10.0,117.1,66.4,45.2,7.5,10.0,1.0,1.0,1.0,1.0
272,OCLSP3961M1,OCLSP3961M1-280822,PRESA LA YESCA III,LÉNTICO,2022-08-28 00:00:00,2022,26.5,573.0,10.0,143.8,62.7,43.4,6.8,10.0,1.0,1.0,1.0,1.0
273,OCLSP3960M1,OCLSP3960M1-280822,PRESA LA YESCA I,LÉNTICO,2022-08-28 00:00:00,2022,13.7,20.0,10.0,132.9,62.8,48.1,7.1,10.0,1.0,1.0,1.0,1.0
275,OCNOR4054,OCNOR4054-040922,PRESA EL NOVILLO 5,LÉNTICO (HUMEDAL),2022-08-30 00:00:00,2022,15.6,161.0,10.0,117.9,44.7,28.8,2.0,28.98,1.0,1.0,1.0,1.0
276,OCNOR4056,OCNOR4056-040922,PRESA EL NOVILLO 4,LÉNTICO (HUMEDAL),2022-08-30 00:00:00,2022,20.8,249.0,10.0,129.1,59.5,38.4,2.0,19.87,1.0,1.0,1.0,1.0
277,OCNOR4055,OCNOR4055-040922,PRESA EL NOVILLO 1,LÉNTICO (HUMEDAL),2022-08-30 00:00:00,2022,34.1,75.0,10.0,143.2,43.4,35.7,2.0,10.0,1.0,1.0,1.0,1.0
278,OCNOR4057,OCNOR4057-040922,PRESA EL NOVILLO 2,LÉNTICO (HUMEDAL),2022-08-30 00:00:00,2022,20.8,733.0,10.0,144.7,65.8,35.1,2.0,16.56,1.0,1.0,1.0,1.0
279,OCNOR4058,OCNOR4058-040922,PRESA EL NOVILLO 3,LÉNTICO (HUMEDAL),2022-08-30 00:00:00,2022,20.3,256.0,10.0,129.5,62.9,40.1,3.24,15.73,1.0,1.0,1.0,1.0
281,OCNOR4148,OCNOR4148-040922,PRESA ALVARO OBREGON 3,LÉNTICO (HUMEDAL),2022-08-29 00:00:00,2022,22.7,218.0,10.0,135.2,39.6,31.4,2.0,10.0,1.0,1.0,1.0,1.0
286,OCPNO4480,OCPNO4480-280822,PRESA SANALONA 4,LÉNTICO (HUMEDAL),2022-08-28 00:00:00,2022,86.4,2755.0,10.0,87.2,66.1,44.2,2.0,10.0,1.0,1.0,1.0,1.0
287,OCPNO4486,OCPNO4486-310722,PRESA ADOLFO LOPEZ MATEOS 3,LÉNTICO (HUMEDAL),2022-07-29 00:00:00,2022,10.0,279.0,10.0,90.4,28.7,25.1,2.76,10.0,1.0,1.0,1.0,1.0
288,OCPNO4482,OCPNO4482-280822,PRESA SANALONA 7,LÉNTICO (HUMEDAL),2022-08-28 00:00:00,2022,40.6,563.0,31.0,116.7,58.5,55.6,2.0,10.0,1.0,1.0,1.0,1.0
289,OCPNO4487,OCPNO4487-310722,PRESA ADOLFO LOPEZ MATEOS 2,LÉNTICO (HUMEDAL),2022-07-29 00:00:00,2022,35.0,410.0,10.0,143.8,37.3,35.8,3.84,12.6,1.0,1.0,1.0,1.0
290,OCPNO4489,OCPNO4489-310722,PRESA ADOLFO LOPEZ MATEOS 4,LÉNTICO (HUMEDAL),2022-07-29 00:00:00,2022,13.8,471.0,10.0,154.6,109.3,23.8,17.5,21.84,1.0,1.0,1.0,1.0
294,OCPNO4507M1,OCPNO4507M1-070822,PRESA LUIS DONALDO COLOSIO 1,LÉNTICO (HUMEDAL),2022-08-05 00:00:00,2022,27.4,493.0,10.0,133.2,35.1,24.1,5.44,10.0,1.0,1.0,1.0,1.0
295,OCPNO4532,OCPNO4532-280822,PRESA JOSEFA ORTIZ DE DOMINGUEZ 1,LÉNTICO (HUMEDAL),2022-08-28 00:00:00,2022,16.9,1467.0,31.0,125.4,83.8,33.2,2.0,10.0,1.0,1.0,1.0,1.0
297,OCPNO4540,OCPNO4540-070822,PRESA MIGUEL HIDALGO Y COSTILLA 3,LÉNTICO (HUMEDAL),2022-08-05 00:00:00,2022,40.9,249.0,10.0,147.7,40.8,32.4,4.34,10.0,1.0,1.0,1.0,1.0
298,OCPNO4539,OCPNO4539-070822,PRESA MIGUEL HIDALGO Y COSTILLA 5,LÉNTICO (HUMEDAL),2022-08-05 00:00:00,2022,46.0,313.0,10.0,146.7,50.3,31.8,6.54,10.92,1.0,1.0,1.0,1.0
299,OCPNO4541,OCPNO4541-070822,PRESA MIGUEL HIDALGO Y COSTILLA 1,LÉNTICO (HUMEDAL),2022-08-05 00:00:00,2022,18.7,98.0,10.0,144.8,92.3,62.8,4.94,10.0,1.0,1.0,1.0,1.0
300,OCPNO4544,OCPNO4544-070822,PRESA LUIS DONALDO COLOSIO 3,LÉNTICO (HUMEDAL),2022-08-05 00:00:00,2022,18.6,620.0,10.0,132.2,23.1,20.1,4.54,10.08,1.0,1.0,1.0,1.0
302,OCPNO4543,OCPNO4543-070822,PRESA LUIS DONALDO COLOSIO 2,LÉNTICO,2022-08-05 00:00:00,2022,10.0,1464.0,10.0,141.2,30.0,21.5,4.92,10.92,1.0,1.0,1.0,1.0
308,OCPNO4580,OCPNO4580-210822,PRESA JOSE LOPEZ PORTILLO 1,LÉNTICO (HUMEDAL),2022-08-19 00:00:00,2022,11.5,63.0,10.0,113.8,39.8,25.7,2.0,10.0,1.0,1.0,1.0,1.0
309,OCPNO4581,OCPNO4581-210822,PRESA JOSE LOPEZ PORTILLO 2,LÉNTICO (HUMEDAL),2022-08-19 00:00:00,2022,25.3,41.0,10.0,123.2,39.1,33.0,2.0,10.0,1.0,1.0,1.0,1.0
310,OCPNO4582,OCPNO4582-210822,PRESA JOSE LOPEZ PORTILLO 3,LÉNTICO (HUMEDAL),2022-08-19 00:00:00,2022,26.7,203.0,10.0,128.3,73.9,29.1,2.0,10.0,1.0,1.0,1.0,1.0
311,OCPNO4584,OCPNO4584-210822,PRESA JOSE LOPEZ PORTILLO 5,LÉNTICO (HUMEDAL),2022-08-19 00:00:00,2022,268.2,689.0,20.0,125.8,62.9,27.8,2.0,22.46,1.0,1.0,1.0,1.0
312,OCPNO4589,OCPNO4589-040922,PRESA AURELIO BENASSINI VIZCAINO 3,LÉNTICO (HUMEDAL),2022-10-28 00:00:00,2022,10.0,1050.0,10.0,103.3,46.3,44.4,2.0,10.0,1.0,1.0,1.0,1.0
313,OCPNO4583,OCPNO4583-210822,PRESA JOSE LOPEZ PORTILLO 4,LÉNTICO (HUMEDAL),2022-08-19 00:00:00,2022,26.0,203.0,10.0,134.7,63.7,29.1,2.0,10.0,1.0,1.0,1.0,1.0
314,OCPNO4590,OCPNO4590-040922,PRESA AURELIO BENASSINI VIZCAINO 2,LÉNTICO (HUMEDAL),2022-10-28 00:00:00,2022,12.2,960.0,10.0,99.6,88.8,40.1,2.0,10.0,1.0,1.0,1.0,1.0
315,OCPNO4591,OCPNO4591-040922,PRESA AURELIO BENASSINI VIZCAINO 1,LÉNTICO (HUMEDAL),2022-10-28 00:00:00,2022,10.0,12033.0,10.0,95.9,77.3,53.1,2.0,10.0,1.0,1.0,1.0,1.0
321,OCPNO4673,OCPNO4673-210822,PRESA GUSTAVO DIAZ ORDAZ 4,LÉNTICO (HUMEDAL),2022-08-21 00:00:00,2022,83.3,689.0,10.0,148.8,103.4,64.5,4.1,10.0,1.0,1.0,1.0,1.0
322,OCPNO4674,OCPNO4674-210822,PRESA GUSTAVO DIAZ ORDAZ 2,LÉNTICO (HUMEDAL),2022-08-21 00:00:00,2022,101.8,1354.0,10.0,144.2,110.0,85.1,2.0,10.0,1.0,1.0,1.0,1.0
323,OCPNO4675,OCPNO4675-210822,PRESA GUSTAVO DIAZ ORDAZ 1,LÉNTICO (HUMEDAL),2022-08-21 00:00:00,2022,42.1,41.0,10.0,147.7,46.5,28.3,2.0,11.65,1.0,1.0,1.0,1.0
325,OCRBR5072M1,OCRBR5072M1-140822,FRENTE A COMPUERTAS PRESA LA BOCA,LÉNTICO (HUMEDAL),2022-08-12 00:00:00,2022,16.0,2400.0,2400.0,78.0,65.0,42.0,4.52,62.72,1.0,1.0,1.0,1.0
326,OCRBR5058M1,OCRBR5058M1-140822,OBRA DE TOMA PRESA EL CUCHILLO,LÉNTICO,2022-08-10 00:00:00,2022,23.0,2400.0,2400.0,80.0,78.0,70.0,3.4,30.67,1.0,1.0,1.0,1.0
327,OCRBR5071M1,OCRBR5071M1-140822,PRESA RODRIGO GOMEZ(LA BOCA),LÉNTICO,2022-08-12 00:00:00,2022,31.0,2400.0,2400.0,79.0,67.0,49.0,3.03,22.22,1.0,1.0,1.0,1.0
328,OCRBR5057M1,OCRBR5057M1-140822,CORTINA PRESA EL CUCHILLO,LÉNTICO,2022-08-10 00:00:00,2022,16.0,2400.0,2400.0,92.0,71.0,65.0,3.1,35.92,1.0,1.0,1.0,1.0
337,OCAVM2768,OCAVM2768-040922,PRESA MADIN 1,LÉNTICO,2022-09-01 00:00:00,2022,18.0,2400.0,2400.0,58.1,14.3,10.0,14.85,30.46,1.0,1.0,1.0,1.0
339,OCAVM2769,OCAVM2769-040922,PRESA MADIN 2,LÉNTICO,2022-09-01 00:00:00,2022,30.0,2400.0,1100.0,94.3,36.8,10.0,13.02,30.94,1.0,1.0,1.0,1.0
345,OCPSU4715,OCPSU4715-110922,PRESA BENITO JUAREZ 3,LÉNTICO (HUMEDAL),2022-09-05 00:00:00,2022,18.3,15531.0,10.0,89.6,64.9,54.8,10.0,20.9,1.0,1.0,1.0,1.0
377,PRESA CAROLINO ANAYA,PRESA CAROLINO ANAYA-131122,PRESA CAROLINO ANAYA,LÉNTICO,2022-11-08 00:00:00,2022,16.0,1200.0,430.0,98.1,94.5,85.9,2.53,35.66,1.0,1.0,1.0,1.0
